{
  "timestamp": "2025-11-02T16:10:11.164456",
  "analytical_volatility": 1.0,
  "option_prices": {
    "rmse": 1.2565968046977956,
    "max_abs_error": 7.549019292276398,
    "mean_rel_error": 0.0031217313449663953
  },
  "local_volatility": {
    "rmse": 0.00984489079608921,
    "max_abs_error": 0.02467101812362671,
    "mean_rel_error": 0.0071635070244471235
  },
  "densities": {
    "T=0.5": {
      "rmse": 0.00038658754879429834,
      "max_abs_error": 0.0020011399958809717,
      "mean_rel_error": 0.3525534116146429,
      "normalization": 0.7195592217181738,
      "mean_error": 0.2038298829590576,
      "var_error": 0.295784550720111
    },
    "T=1.0": {
      "rmse": 0.00043120347526107535,
      "max_abs_error": 0.0019798374907701493,
      "mean_rel_error": 0.4196137665720952,
      "normalization": 0.5377729646813865,
      "mean_error": 0.39391892807443185,
      "var_error": 0.7109234091521318
    },
    "T=1.5": {
      "rmse": 0.0004497787329327073,
      "max_abs_error": 0.0018506661348038158,
      "mean_rel_error": 0.7609206130841203,
      "normalization": 0.43327814971996564,
      "mean_error": 0.514114272667949,
      "var_error": 0.8685125998718726
    }
  }
}